join_email,email_principal,nome_completo,cpf,telefone,programa,estado_raw,cidade_raw,genero_raw,data_nascimento,data_inscricao,fonte_candidato
joão vitor.novaes@outlook.com.br,joão vitor.novaes@outlook.com.br,João Vitor Novaes,378.095.621-77,+5555129089940,CAMPINHO DIGITAL,AL,Gonçalves,Homem Cis,1981-06-04,2026-05-16 03:59:38,Facebook
antônio.andrade@hotmail.com,antônio.andrade@hotmail.com,Antônio Andrade,489.731.026-13,+5555759022526,CAMPINHO DIGITAL,AP,da Cunha do Oeste,Homem Cis,1997-12-14,2026-06-11 03:59:38,LinkedIn
otávio.moreira@yahoo.com.br,otávio.moreira@yahoo.com.br,Otávio Moreira,615.472.983-91,+5555499213323,CAMPINHO DIGITAL,ES,Machado das Pedras,Não Informado,1994-11-16,2026-07-07 03:59:38,LinkedIn
stella.pastor@hotmail.com,stella.pastor@hotmail.com,Stella Pastor,461.392.750-16,+5555949779849,CAMPINHO DIGITAL,SE,Fernandes,Não Informado,1996-05-28,2026-05-28 03:59:38,Indicación
noah.cavalcanti@hotmail.com,noah.cavalcanti@hotmail.com,Noah Cavalcanti,026.318.457-90,+5555659708473,CAMPINHO DIGITAL,TO,da Cunha,Mulher Cis,2009-04-08,2026-07-01 03:59:38,Facebook
fernanda.gonçalves@live.com,fernanda.gonçalves@live.com,Fernanda Gonçalves,397.085.461-00,+5555229511388,CAMPINHO DIGITAL,PB,Farias,Homem Cis,1997-06-12,2026-07-01 03:59:38,Instagram
caio.abreu@live.com,caio.abreu@live.com,Caio Abreu,859.403.162-98,+5555979957508,CAMPINHO DIGITAL,RN,Aragão,Mulher Cis,2004-01-28,2026-06-24 03:59:38,Indicación
anna liz.da luz@hotmail.com,anna liz.da luz@hotmail.com,Anna Liz da Luz,390.216.487-50,+5555339832434,CAMPINHO DIGITAL,RS,Correia das Pedras,Homem Cis,1995-10-27,2026-04-26 03:59:38,Indicación
gustavo.martins@hotmail.com,gustavo.martins@hotmail.com,Gustavo Martins,495.708.231-60,+5555539736908,CAMPINHO DIGITAL,PR,Almeida,Não Informado,1988-03-18,2026-05-16 03:59:38,Indicación
luiz gustavo.montenegro@icloud.com,luiz gustavo.montenegro@icloud.com,Luiz Gustavo Montenegro,547.960.231-43,+5555149031178,CAMPINHO DIGITAL,DF,Cassiano,Mulher Cis,1995-04-04,2026-07-05 03:59:38,Google Search
arthur miguel.barbosa@outlook.com.br,arthur miguel.barbosa@outlook.com.br,Arthur Miguel Barbosa,869.250.471-85,+5555289842255,CAMPINHO DIGITAL,MG,da Rocha,Mulher Cis,2004-10-03,2026-04-21 03:59:38,
andré.moreira@icloud.com,andré.moreira@icloud.com,André Moreira,615.947.208-94,+5555669039906,CAMPINHO DIGITAL,GO,Teixeira de Andrade,Mulher Cis,1996-04-17,2026-05-15 03:59:38,Indicación
isaac.rezende@bol.com.br,isaac.rezende@bol.com.br,Isaac Rezende,076.825.391-86,+5555629888779,CAMPINHO DIGITAL,AM,Marques,Homem Cis,1998-12-10,2026-06-11 03:59:38,Indicación
joão gabriel.garcia@gmail.com,joão gabriel.garcia@gmail.com,João Gabriel Garcia,186.429.507-49,+5555879486064,CAMPINHO DIGITAL,DF,Camargo da Praia,Não Informado,1983-09-26,2026-07-14 03:59:38,
alana.garcia@live.com,alana.garcia@live.com,Alana Garcia,482.379.610-13,+5555879135357,CAMPINHO DIGITAL,RS,Mendonça dos Dourados,Não Informado,1994-03-29,2026-06-01 03:59:38,Google Search
samuel.sá@hotmail.com,samuel.sá@hotmail.com,Samuel Sá,481.560.732-07,+5555339049462,CAMPINHO DIGITAL,PE,da Costa,Homem Cis,2003-03-23,2026-06-26 03:59:38,Instagram
luna.borges@terra.com.br,luna.borges@terra.com.br,Luna Borges,648.392.071-78,+5555959785364,CAMPINHO DIGITAL,SE,Aparecida,Não Informado,1978-03-14,2026-04-22 03:59:38,Google Search
ana cecília.ribeiro@gmail.com,ana cecília.ribeiro@gmail.com,Ana Cecília Ribeiro,617.534.980-66,+5555329800621,CAMPINHO DIGITAL,PI,Casa Grande,Mulher Cis,1984-02-04,2026-05-08 03:59:38,
bernardo.novaes@bol.com.br,bernardo.novaes@bol.com.br,Bernardo Novaes,487.950.216-20,+5555539489942,CAMPINHO DIGITAL,MS,Moreira,Não Informado,1997-07-19,2026-04-29 03:59:38,
lavínia.gomes@uol.com.br,lavínia.gomes@uol.com.br,Lavínia Gomes,952.314.078-79,+5555859331928,CAMPINHO DIGITAL,RO,Aparecida de Moreira,Não Informado,1996-08-25,2026-05-24 03:59:38,Google Search
marina.macedo@icloud.com,marina.macedo@icloud.com,Marina Macedo,248.037.561-71,+5555739946300,CAMPINHO DIGITAL,SP,Machado,Homem Cis,1983-04-17,2026-06-26 03:59:38,
nathan.sampaio@yahoo.com.br,nathan.sampaio@yahoo.com.br,Nathan Sampaio,408.635.721-62,+5555879217558,CAMPINHO DIGITAL,GO,Macedo de Farias,Homem Cis,1981-10-26,2026-05-10 03:59:38,LinkedIn
francisco.das neves@bol.com.br,francisco.das neves@bol.com.br,Francisco das Neves,967.412.835-28,+5555119568549,CAMPINHO DIGITAL,AL,Monteiro,Homem Cis,1994-02-05,2026-05-31 03:59:38,
igor.pacheco@hotmail.com,igor.pacheco@hotmail.com,Igor Pacheco,215.486.097-49,+5555799648358,CAMPINHO DIGITAL,PE,Pires,Mulher Cis,2007-07-16,2026-06-20 03:59:38,LinkedIn
valentina.sousa@yahoo.com.br,valentina.sousa@yahoo.com.br,Valentina Sousa,706.152.348-44,+5555959594374,CAMPINHO DIGITAL,BA,Pastor,Mulher Cis,2001-10-21,2026-07-11 03:59:38,YouTube
maria helena.freitas@bol.com.br,maria helena.freitas@bol.com.br,Maria Helena Freitas,235.061.974-52,+5555679107936,CAMPINHO DIGITAL,MT,Campos,Não Informado,1987-12-03,2026-05-27 03:59:38,Instagram
pedro miguel.freitas@gmail.com,pedro miguel.freitas@gmail.com,Pedro Miguel Freitas,749.832.516-00,+5555459194956,CAMPINHO DIGITAL,PA,da Rocha Alegre,Mulher Cis,1988-01-16,2026-07-17 03:59:38,Instagram
daniel.duarte@terra.com.br,daniel.duarte@terra.com.br,Daniel Duarte,182.975.046-11,+5555139340014,CAMPINHO DIGITAL,RR,Almeida dos Dourados,Homem Cis,1990-09-11,2026-07-10 03:59:38,YouTube
benicio.fonseca@yahoo.com.br,benicio.fonseca@yahoo.com.br,Benicio Fonseca,728.354.601-44,+5555839115946,CAMPINHO DIGITAL,GO,da Cruz da Mata,Mulher Cis,2004-03-26,2026-07-14 03:59:38,YouTube
bella.brito@terra.com.br,bella.brito@terra.com.br,Bella Brito,142.035.897-97,+5555779858687,CAMPINHO DIGITAL,SE,Brito,Não Informado,1988-02-04,2026-05-02 03:59:38,Facebook
théo.freitas@live.com,théo.freitas@live.com,Théo Freitas,614.753.209-06,+5555539353633,CAMPINHO DIGITAL,CE,Correia,Não Informado,2009-06-01,2026-05-12 03:59:38,Google Search
renan.rios@bol.com.br,renan.rios@bol.com.br,Renan Rios,802.671.453-90,+5555539381649,CAMPINHO DIGITAL,ES,Moreira,Mulher Cis,1998-05-06,2026-05-06 03:59:38,LinkedIn
josué.duarte@uol.com.br,josué.duarte@uol.com.br,Josué Duarte,326.985.740-38,+5555479672015,CAMPINHO DIGITAL,RR,Araújo,Mulher Cis,2008-05-18,2026-05-10 03:59:38,YouTube
heloísa.sampaio@yahoo.com.br,heloísa.sampaio@yahoo.com.br,Heloísa Sampaio,960.823.574-00,+5555619678024,CAMPINHO DIGITAL,PR,Pires de das Neves,Mulher Cis,2007-12-12,2026-06-23 03:59:38,YouTube
joão pedro.rezende@icloud.com,joão pedro.rezende@icloud.com,João Pedro Rezende,417.302.895-41,+5555219795343,CAMPINHO DIGITAL,PR,Alves,Homem Cis,2009-06-24,2026-05-10 03:59:38,Indicación
lucas.garcia@bol.com.br,lucas.garcia@bol.com.br,Lucas Garcia,975.483.602-74,+5555439819326,CAMPINHO DIGITAL,SP,Costela de Azevedo,Não Informado,1989-01-19,2026-05-26 03:59:38,Google Search
maria julia.da cunha@yahoo.com.br,maria julia.da cunha@yahoo.com.br,Maria Julia da Cunha,749.285.603-29,+5555419648648,CAMPINHO DIGITAL,SP,Moura,Homem Cis,1988-10-31,2026-07-12 03:59:38,Indicación
luiz gustavo.correia@outlook.com.br,luiz gustavo.correia@outlook.com.br,Luiz Gustavo Correia,367.524.190-43,+5555749214878,CAMPINHO DIGITAL,TO,Viana de Camargo,Mulher Cis,2001-12-21,2026-05-20 03:59:38,LinkedIn
sabrina.campos@outlook.com.br,sabrina.campos@outlook.com.br,Sabrina Campos,675.012.893-95,+5555869782481,CAMPINHO DIGITAL,GO,Novais,Homem Cis,1995-11-10,2026-06-27 03:59:38,Instagram
laís.almeida@terra.com.br,laís.almeida@terra.com.br,Laís Almeida,031.542.697-70,+5555899157854,CAMPINHO DIGITAL,MS,Moura,Não Informado,1996-02-19,2026-05-24 03:59:38,YouTube
manuella.albuquerque@bol.com.br,manuella.albuquerque@bol.com.br,Manuella Albuquerque,754.630.892-56,+5555699544357,CAMPINHO DIGITAL,MG,Jesus,Mulher Cis,2006-08-22,2026-05-19 03:59:38,Google Search
lorenzo.pires@gmail.com,lorenzo.pires@gmail.com,Lorenzo Pires,136.859.247-37,+5555489193033,CAMPINHO DIGITAL,PE,Andrade,Mulher Cis,1998-12-27,2026-07-12 03:59:38,Indicación
léo.caldeira@gmail.com,léo.caldeira@gmail.com,Léo Caldeira,372.045.816-44,+5555359416811,CAMPINHO DIGITAL,AL,da Mota,Mulher Cis,1989-05-12,2026-04-26 03:59:38,Indicación
liz.vargas@outlook.com.br,liz.vargas@outlook.com.br,Liz Vargas,968.745.013-48,+5555929405064,CAMPINHO DIGITAL,RO,Nunes de Moura,Não Informado,1989-07-05,2026-05-03 03:59:38,YouTube
raquel.da paz@live.com,raquel.da paz@live.com,Raquel da Paz,946.571.032-61,+5555969053000,CAMPINHO DIGITAL,PA,Rios,Homem Cis,1976-07-23,2026-06-17 03:59:38,Facebook
diego.vargas@live.com,diego.vargas@live.com,Diego Vargas,375.264.981-09,+5555939691941,CAMPINHO DIGITAL,ES,Nascimento de Pacheco,Mulher Cis,1992-03-02,2026-05-16 03:59:38,
amanda.pacheco@yahoo.com.br,amanda.pacheco@yahoo.com.br,Amanda Pacheco,762.045.839-56,+5555139256584,CAMPINHO DIGITAL,TO,Pereira,Homem Cis,1981-03-20,2026-07-04 03:59:38,Indicación
maria laura.dias@outlook.com.br,maria laura.dias@outlook.com.br,Maria Laura Dias,539.410.827-79,+5555169514912,CAMPINHO DIGITAL,MA,Fonseca,Não Informado,2004-03-23,2026-04-30 03:59:38,Indicación
nicolas.freitas@hotmail.com,nicolas.freitas@hotmail.com,Nicolas Freitas,579.281.463-55,+5555279148989,CAMPINHO DIGITAL,AP,Aragão Paulista,Homem Cis,1983-02-05,2026-06-16 03:59:38,YouTube
caio.lima@bol.com.br,caio.lima@bol.com.br,Caio Lima,790.134.286-22,+5555669642680,CAMPINHO DIGITAL,DF,Pires,Homem Cis,2007-06-18,2026-07-07 03:59:38,LinkedIn
lara.gonçalves@yahoo.com.br,lara.gonçalves@yahoo.com.br,Lara Gonçalves,091.738.526-86,+5555959989361,CAMPINHO DIGITAL,BA,da Cruz,Mulher Cis,2006-07-04,2026-05-21 03:59:38,Instagram
luiz felipe.cirino@yahoo.com.br,luiz felipe.cirino@yahoo.com.br,Luiz Felipe Cirino,386.495.201-89,+5555669015217,CAMPINHO DIGITAL,DF,Lopes do Campo,Não Informado,1976-07-17,2026-04-25 03:59:38,LinkedIn
maria.teixeira@yahoo.com.br,maria.teixeira@yahoo.com.br,Maria Teixeira,265.703.814-07,+5555379118059,CAMPINHO DIGITAL,MA,Cavalcanti,Mulher Cis,2003-02-27,2026-04-28 03:59:38,LinkedIn
sophia.costela@hotmail.com,sophia.costela@hotmail.com,Sophia Costela,452.837.610-53,+5555489119929,CAMPINHO DIGITAL,BA,Farias Grande,Homem Cis,1992-11-27,2026-06-09 03:59:38,Google Search
isabelly.fonseca@live.com,isabelly.fonseca@live.com,Isabelly Fonseca,521.468.739-73,+5555779631391,CAMPINHO DIGITAL,ES,Campos,Homem Cis,2005-11-10,2026-04-22 03:59:38,Google Search
levi.vasconcelos@yahoo.com.br,levi.vasconcelos@yahoo.com.br,Levi Vasconcelos,680.215.943-06,+5555759243345,CAMPINHO DIGITAL,RS,Fernandes,Mulher Cis,1983-08-02,2026-07-06 03:59:38,Facebook
maria clara.machado@hotmail.com,maria clara.machado@hotmail.com,Maria Clara Machado,916.075.328-59,+5555889303532,CAMPINHO DIGITAL,RN,Pastor do Galho,Não Informado,1975-10-08,2026-06-13 03:59:38,
josué.da cruz@live.com,josué.da cruz@live.com,Josué da Cruz,396.541.082-24,+5555199186196,CAMPINHO DIGITAL,MA,Garcia,Não Informado,2007-06-17,2026-06-12 03:59:38,YouTube
lucca.barbosa@icloud.com,lucca.barbosa@icloud.com,Lucca Barbosa,760.943.851-01,+5555129364818,CAMPINHO DIGITAL,GO,Oliveira,Mulher Cis,1989-04-12,2026-05-06 03:59:38,Instagram
joão pedro.sá@live.com,joão pedro.sá@live.com,João Pedro Sá,238.176.905-68,+5555719699624,CAMPINHO DIGITAL,MS,Sales do Amparo,Não Informado,1997-06-10,2026-06-20 03:59:38,
lucas.novaes@gmail.com,lucas.novaes@gmail.com,Lucas Novaes,268.740.351-26,+5555339596602,CAMPINHO DIGITAL,MA,Vargas,Homem Cis,1982-07-22,2026-05-15 03:59:38,Instagram
mariah.cunha@uol.com.br,mariah.cunha@uol.com.br,Mariah Cunha,571.960.342-52,+5555419956653,CAMPINHO DIGITAL,RR,Novaes,Homem Cis,2008-09-27,2026-06-23 03:59:38,YouTube
pietra.teixeira@hotmail.com,pietra.teixeira@hotmail.com,Pietra Teixeira,248.569.037-56,+5555359981526,CAMPINHO DIGITAL,AC,da Conceição da Praia,Mulher Cis,2005-03-28,2026-05-21 03:59:38,LinkedIn
eloah.silveira@gmail.com,eloah.silveira@gmail.com,Eloah Silveira,720.569.341-16,+5555759451436,CAMPINHO DIGITAL,MS,Camargo,Mulher Cis,2000-05-10,2026-07-06 03:59:38,
maya.melo@icloud.com,maya.melo@icloud.com,Maya Melo,762.389.140-50,+5555649778959,CAMPINHO DIGITAL,RS,Caldeira da Prata,Mulher Cis,1990-02-01,2026-04-24 03:59:38,Indicación
emanuel.ramos@yahoo.com.br,emanuel.ramos@yahoo.com.br,Emanuel Ramos,349.175.082-23,+5555689051858,CAMPINHO DIGITAL,AP,da Conceição,Homem Cis,1988-12-08,2026-06-02 03:59:38,YouTube
anthony.cavalcanti@hotmail.com,anthony.cavalcanti@hotmail.com,Anthony Cavalcanti,510.264.389-42,+5555659729331,CAMPINHO DIGITAL,CE,Cunha,Não Informado,2008-07-09,2026-06-12 03:59:38,Facebook
maria.ferreira@yahoo.com.br,maria.ferreira@yahoo.com.br,Maria Ferreira,250.913.764-61,+5555519355975,CAMPINHO DIGITAL,SC,da Luz,Homem Cis,1986-06-20,2026-06-03 03:59:38,Indicación
ana júlia.nogueira@terra.com.br,ana júlia.nogueira@terra.com.br,Ana Júlia Nogueira,743.128.096-31,+5555519964521,CAMPINHO DIGITAL,ES,Alves,Homem Cis,1987-01-12,2026-07-06 03:59:38,Instagram
bruna.cavalcante@live.com,bruna.cavalcante@live.com,Bruna Cavalcante,309.615.284-51,+5555999748412,CAMPINHO DIGITAL,SC,Duarte,Homem Cis,2001-04-16,2026-04-20 03:59:38,LinkedIn
helena.da mata@live.com,helena.da mata@live.com,Helena da Mata,420.897.361-78,+5555749052486,CAMPINHO DIGITAL,CE,Moraes,Homem Cis,1988-03-15,2026-05-28 03:59:38,
maria cecília.da cruz@hotmail.com,maria cecília.da cruz@hotmail.com,Maria Cecília da Cruz,382.195.604-60,+5555679145304,CAMPINHO DIGITAL,RN,Cavalcante,Não Informado,1990-10-02,2026-06-20 03:59:38,Facebook
luísa.garcia@uol.com.br,luísa.garcia@uol.com.br,Luísa Garcia,849.127.356-55,+5555689798775,CAMPINHO DIGITAL,RS,Moura da Mata,Homem Cis,2008-02-29,2026-06-03 03:59:38,Facebook
manuella.macedo@icloud.com,manuella.macedo@icloud.com,Manuella Macedo,204.958.136-05,+5555879600461,CAMPINHO DIGITAL,MG,Barros,Não Informado,1975-11-27,2026-05-15 03:59:38,Google Search
cauê.barbosa@gmail.com,cauê.barbosa@gmail.com,Cauê Barbosa,514.760.938-57,+5555849536927,CAMPINHO DIGITAL,PA,Pimenta,Mulher Cis,1994-07-09,2026-04-19 03:59:38,YouTube
arthur gabriel.dias@uol.com.br,arthur gabriel.dias@uol.com.br,Arthur Gabriel Dias,081.635.749-84,+5555839905291,CAMPINHO DIGITAL,PI,Nogueira,Não Informado,1993-01-31,2026-05-11 03:59:38,Facebook
nicole.almeida@hotmail.com,nicole.almeida@hotmail.com,Nicole Almeida,973.150.824-41,+5555649306166,CAMPINHO DIGITAL,AP,Melo,Mulher Cis,2004-05-06,2026-07-03 03:59:38,Instagram
enzo.pacheco@hotmail.com,enzo.pacheco@hotmail.com,Enzo Pacheco,803.716.295-86,+5555889513815,CAMPINHO DIGITAL,PB,Silva do Campo,Mulher Cis,1998-11-10,2026-05-05 03:59:38,
maria luísa.castro@hotmail.com,maria luísa.castro@hotmail.com,Maria Luísa Castro,674.358.910-10,+5555189555143,CAMPINHO DIGITAL,TO,Nascimento,Mulher Cis,1978-03-20,2026-04-20 03:59:38,
yago.brito@gmail.com,yago.brito@gmail.com,Yago Brito,951.362.847-73,+5555219505105,CAMPINHO DIGITAL,RR,Barbosa da Prata,Mulher Cis,1995-10-18,2026-05-05 03:59:38,Instagram
caroline.moraes@terra.com.br,caroline.moraes@terra.com.br,Caroline Moraes,572.690.148-76,+5555949997187,CAMPINHO DIGITAL,AM,Pacheco,Homem Cis,2005-07-05,2026-04-19 03:59:38,Indicación
luana.cassiano@yahoo.com.br,luana.cassiano@yahoo.com.br,Luana Cassiano,389.612.507-95,+5555639519839,CAMPINHO DIGITAL,MS,Nogueira da Serra,Mulher Cis,2007-05-22,2026-07-10 03:59:38,Google Search
luiz fernando.oliveira@icloud.com,luiz fernando.oliveira@icloud.com,Luiz Fernando Oliveira,307.168.942-03,+5555889943364,CAMPINHO DIGITAL,RO,da Cruz do Amparo,Homem Cis,2001-06-28,2026-07-11 03:59:38,Indicación
mariana.sousa@uol.com.br,mariana.sousa@uol.com.br,Mariana Sousa,358.401.792-05,+5555959603030,CAMPINHO DIGITAL,BA,Pereira,Homem Cis,1984-11-19,2026-04-22 03:59:38,Facebook
marina.macedo@uol.com.br,marina.macedo@uol.com.br,Marina Macedo,189.274.506-20,+5555559561493,CAMPINHO DIGITAL,AC,Souza do Norte,Homem Cis,1990-07-04,2026-06-07 03:59:38,LinkedIn
luan.albuquerque@terra.com.br,luan.albuquerque@terra.com.br,Luan Albuquerque,609.317.854-48,+5555629272355,CAMPINHO DIGITAL,MS,Cardoso Verde,Não Informado,2006-04-08,2026-07-16 03:59:38,Facebook
cauê.gonçalves@hotmail.com,cauê.gonçalves@hotmail.com,Cauê Gonçalves,637.024.581-07,+5555189749181,CAMPINHO DIGITAL,PE,Melo Paulista,Homem Cis,1984-04-13,2026-05-12 03:59:38,
melina.peixoto@outlook.com.br,melina.peixoto@outlook.com.br,Melina Peixoto,068.923.451-15,+5555149878295,CAMPINHO DIGITAL,CE,Viana,Homem Cis,2006-07-16,2026-04-29 03:59:38,Instagram
maria isis.leão@outlook.com.br,maria isis.leão@outlook.com.br,Maria Isis Leão,203.195.847-04,+5555749659643,CAMPINHO DIGITAL,RN,Lopes de Goiás,Homem Cis,1982-03-22,2026-06-26 03:59:38,LinkedIn
joão pedro.azevedo@hotmail.com,joão pedro.azevedo@hotmail.com,João Pedro Azevedo,651.923.784-19,+5555159600896,CAMPINHO DIGITAL,MT,Nascimento do Galho,Não Informado,1997-05-04,2026-05-14 03:59:38,LinkedIn
isabel.vieira@yahoo.com.br,isabel.vieira@yahoo.com.br,Isabel Vieira,098.543.176-84,+5555429969643,CAMPINHO DIGITAL,AM,da Conceição,Mulher Cis,2008-08-15,2026-07-05 03:59:38,
ana beatriz.silveira@icloud.com,ana beatriz.silveira@icloud.com,Ana Beatriz Silveira,039.718.642-87,+5555919670052,CAMPINHO DIGITAL,AC,Farias do Oeste,Homem Cis,1984-02-14,2026-04-25 03:59:38,Instagram
théo.moraes@gmail.com,théo.moraes@gmail.com,Théo Moraes,095.382.147-14,+5555169760464,CAMPINHO DIGITAL,CE,Castro,Mulher Cis,1978-06-26,2026-06-12 03:59:38,Facebook
caroline.da paz@yahoo.com.br,caroline.da paz@yahoo.com.br,Caroline da Paz,501.924.867-30,+5555929293198,CAMPINHO DIGITAL,PR,Macedo de Pimenta,Mulher Cis,2001-05-15,2026-06-21 03:59:38,Instagram
gabrielly.leão@icloud.com,gabrielly.leão@icloud.com,Gabrielly Leão,193.680.724-69,+5555229946482,CAMPINHO DIGITAL,DF,Costela Paulista,Homem Cis,1981-03-26,2026-06-23 03:59:38,YouTube
levi.camargo@hotmail.com,levi.camargo@hotmail.com,Levi Camargo,710.634.982-87,+5555349864888,CAMPINHO DIGITAL,MT,Vieira,Mulher Cis,1978-09-11,2026-05-02 03:59:38,
juan.barros@yahoo.com.br,juan.barros@yahoo.com.br,Juan Barros,289.610.375-95,+5555539368123,CAMPINHO DIGITAL,MG,Abreu do Norte,Não Informado,1982-08-25,2026-06-01 03:59:38,Facebook
nathan.silva@outlook.com.br,nathan.silva@outlook.com.br,Nathan Silva,028.365.174-17,+5555539386303,CAMPINHO DIGITAL,RO,Azevedo das Pedras,Mulher Cis,2010-03-31,2026-05-31 03:59:38,
pedro.borges@icloud.com,pedro.borges@icloud.com,Pedro Borges,690.483.217-78,+5555519139254,CAMPINHO DIGITAL,AL,Porto de Carvalho,Não Informado,2009-07-28,2026-05-14 03:59:38,Instagram
sophia.fernandes@terra.com.br,sophia.fernandes@terra.com.br,Sophia Fernandes,564.903.182-70,+5555979944400,CAMPINHO DIGITAL,MA,Barbosa de Silva,Mulher Cis,2005-09-23,2026-05-08 03:59:38,YouTube
thales.siqueira@hotmail.com,thales.siqueira@hotmail.com,Thales Siqueira,079.183.642-87,+5555459134147,CAMPINHO DIGITAL,MT,Sousa,Mulher Cis,1983-10-19,2026-06-19 03:59:38,Instagram
amanda.cassiano@yahoo.com.br,amanda.cassiano@yahoo.com.br,Amanda Cassiano,817.562.934-73,+5555199762602,CAMPINHO DIGITAL,SE,Machado,Mulher Cis,1978-01-05,2026-06-30 03:59:38,Indicación
lucca.alves@icloud.com,lucca.alves@icloud.com,Lucca Alves,519.762.304-70,+5555379490162,CAMPINHO DIGITAL,PI,Sampaio,Mulher Cis,2003-12-06,2026-07-02 03:59:38,Instagram
isabel.machado@terra.com.br,isabel.machado@terra.com.br,Isabel Machado,180.643.259-51,+5555539464453,CAMPINHO DIGITAL,RO,Câmara,Não Informado,1990-12-14,2026-06-07 03:59:38,Facebook
ian.gonçalves@icloud.com,ian.gonçalves@icloud.com,Ian Gonçalves,896.102.354-33,+5555619764881,CAMPINHO DIGITAL,GO,Casa Grande,Não Informado,1980-05-14,2026-07-03 03:59:38,LinkedIn
ester.sampaio@yahoo.com.br,ester.sampaio@yahoo.com.br,Ester Sampaio,906.147.538-48,+5555379248958,CAMPINHO DIGITAL,ES,da Rocha do Galho,Não Informado,1984-08-02,2026-07-11 03:59:38,LinkedIn
camila.dias@yahoo.com.br,camila.dias@yahoo.com.br,Camila Dias,745.162.903-16,+5555679836782,CAMPINHO DIGITAL,DF,das Neves,Não Informado,2001-08-14,2026-04-27 03:59:38,Facebook
lavínia.garcia@yahoo.com.br,lavínia.garcia@yahoo.com.br,Lavínia Garcia,304.268.971-96,+5555989630049,CAMPINHO DIGITAL,RR,Aparecida do Galho,Não Informado,1983-10-10,2026-07-07 03:59:38,Google Search
nicole.pires@hotmail.com,nicole.pires@hotmail.com,Nicole Pires,720.843.695-92,+5555489842353,CAMPINHO DIGITAL,BA,Sá de Oliveira,Mulher Cis,1999-06-26,2026-07-06 03:59:38,LinkedIn
rael.ribeiro@icloud.com,rael.ribeiro@icloud.com,Rael Ribeiro,206.849.173-78,+5555549545363,CAMPINHO DIGITAL,SE,Farias,Não Informado,2001-03-12,2026-06-11 03:59:38,
vinícius.sampaio@live.com,vinícius.sampaio@live.com,Vinícius Sampaio,486.259.073-00,+5555119484227,CAMPINHO DIGITAL,MS,Santos,Não Informado,2007-02-08,2026-05-22 03:59:38,Facebook
maria flor.da mota@live.com,maria flor.da mota@live.com,Maria Flor da Mota,735.491.280-88,+5555489235631,CAMPINHO DIGITAL,PB,Souza da Mata,Mulher Cis,1998-10-15,2026-06-25 03:59:38,Facebook
vitória.santos@live.com,vitória.santos@live.com,Vitória Santos,957.803.642-65,+5555779882718,CAMPINHO DIGITAL,AP,Jesus,Homem Cis,2006-06-13,2026-05-19 03:59:38,Facebook
isadora.gomes@hotmail.com,isadora.gomes@hotmail.com,Isadora Gomes,193.254.786-09,+5555639239766,CAMPINHO DIGITAL,AM,Martins do Oeste,Não Informado,1982-06-25,2026-06-22 03:59:38,
leandro.siqueira@uol.com.br,leandro.siqueira@uol.com.br,Leandro Siqueira,329.650.418-42,+5555839685501,CAMPINHO DIGITAL,MS,Borges,Homem Cis,1975-11-07,2026-07-06 03:59:38,Instagram
pedro lucas.jesus@live.com,pedro lucas.jesus@live.com,Pedro Lucas Jesus,124.867.593-28,+5555849357287,CAMPINHO DIGITAL,DF,Moura de Alves,Mulher Cis,1982-12-19,2026-06-04 03:59:38,Indicación
rafaela.fernandes@hotmail.com,rafaela.fernandes@hotmail.com,Rafaela Fernandes,530.416.892-51,+5555849837985,CAMPINHO DIGITAL,PE,Teixeira da Mata,Homem Cis,1979-01-03,2026-05-07 03:59:38,Google Search
miguel.gonçalves@live.com,miguel.gonçalves@live.com,Miguel Gonçalves,417.052.938-32,+5555669950070,CAMPINHO DIGITAL,RJ,Pastor de Pinto,Mulher Cis,2005-07-28,2026-07-12 03:59:38,YouTube
pietra.moraes@gmail.com,pietra.moraes@gmail.com,Pietra Moraes,273.601.458-80,+5555869996530,CAMPINHO DIGITAL,MS,Abreu,Não Informado,2007-01-10,2026-05-04 03:59:38,LinkedIn
helena.montenegro@live.com,helena.montenegro@live.com,Helena Montenegro,507.291.463-16,+5555519174176,CAMPINHO DIGITAL,BA,Aparecida de Costa,Homem Cis,1989-09-15,2026-07-01 03:59:38,Google Search
rael.correia@live.com,rael.correia@live.com,Rael Correia,320.784.596-74,+5555519372035,CAMPINHO DIGITAL,RS,Sá,Homem Cis,1991-11-23,2026-07-05 03:59:38,Facebook
raquel.vieira@terra.com.br,raquel.vieira@terra.com.br,Raquel Vieira,356.920.148-15,+5555629816957,CAMPINHO DIGITAL,PE,Porto do Campo,Homem Cis,1994-01-31,2026-05-08 03:59:38,
heloisa.silva@icloud.com,heloisa.silva@icloud.com,Heloisa Silva,319.650.248-15,+5555669782563,CAMPINHO DIGITAL,MA,Caldeira,Não Informado,1993-03-19,2026-06-04 03:59:38,Google Search
laura.siqueira@terra.com.br,laura.siqueira@terra.com.br,Laura Siqueira,218.730.549-04,+5555219286942,CAMPINHO DIGITAL,RJ,Brito,Mulher Cis,1991-07-21,2026-06-08 03:59:38,
bernardo.macedo@hotmail.com,bernardo.macedo@hotmail.com,Bernardo Macedo,782.915.430-97,+5555249153859,CAMPINHO DIGITAL,RO,Garcia Paulista,Homem Cis,1975-10-02,2026-04-26 03:59:38,Instagram
pedro.câmara@yahoo.com.br,pedro.câmara@yahoo.com.br,Pedro Câmara,836.102.547-26,+5555329006267,CAMPINHO DIGITAL,PA,Vargas,Homem Cis,1999-01-19,2026-05-08 03:59:38,Instagram
antony.nascimento@terra.com.br,antony.nascimento@terra.com.br,Antony Nascimento,089.467.135-93,+5555289038739,CAMPINHO DIGITAL,PI,Guerra Verde,Homem Cis,1989-07-03,2026-06-26 03:59:38,Instagram
sara.da paz@bol.com.br,sara.da paz@bol.com.br,Sara da Paz,837.194.265-64,+5555499606884,CAMPINHO DIGITAL,MG,Rios do Oeste,Homem Cis,2005-07-28,2026-05-09 03:59:38,Google Search
francisco.siqueira@terra.com.br,francisco.siqueira@terra.com.br,Francisco Siqueira,710.952.683-68,+5555359336837,CAMPINHO DIGITAL,MS,Viana de Vargas,Não Informado,1999-01-27,2026-04-28 03:59:38,YouTube
maria fernanda.cassiano@hotmail.com,maria fernanda.cassiano@hotmail.com,Maria Fernanda Cassiano,816.309.245-98,+5555829559176,CAMPINHO DIGITAL,MT,da Cunha do Sul,Mulher Cis,1985-02-27,2026-07-15 03:59:38,YouTube
luna.campos@uol.com.br,luna.campos@uol.com.br,Luna Campos,086.475.923-10,+5555949713723,CAMPINHO DIGITAL,PA,Cavalcante,Mulher Cis,1978-03-07,2026-05-16 03:59:38,
anna liz.rios@live.com,anna liz.rios@live.com,Anna Liz Rios,014.395.627-25,+5555979281859,CAMPINHO DIGITAL,PB,Montenegro,Homem Cis,1997-04-12,2026-05-07 03:59:38,Instagram
davi.novais@outlook.com.br,davi.novais@outlook.com.br,Davi Novais,927.563.081-02,+5555659076968,CAMPINHO DIGITAL,DF,Vargas Grande,Não Informado,1992-11-14,2026-06-10 03:59:38,
luiz miguel.costela@uol.com.br,luiz miguel.costela@uol.com.br,Luiz Miguel Costela,630.512.984-33,+5555869147284,CAMPINHO DIGITAL,SP,Souza,Homem Cis,1994-11-23,2026-04-21 03:59:38,Facebook
rodrigo.pinto@yahoo.com.br,rodrigo.pinto@yahoo.com.br,Rodrigo Pinto,873.609.521-40,+5555359021847,CAMPINHO DIGITAL,AP,Souza da Mata,Homem Cis,1983-07-25,2026-05-28 03:59:38,
ryan.gomes@hotmail.com,ryan.gomes@hotmail.com,Ryan Gomes,617.439.825-00,+5555199382280,CAMPINHO DIGITAL,BA,Viana,Não Informado,1980-01-23,2026-05-14 03:59:38,Google Search
gabrielly.aparecida@outlook.com.br,gabrielly.aparecida@outlook.com.br,Gabrielly Aparecida,605.137.298-95,+5555419978783,CAMPINHO DIGITAL,RN,Araújo,Não Informado,1997-03-07,2026-05-03 03:59:38,Facebook
milena.pinto@icloud.com,milena.pinto@icloud.com,Milena Pinto,519.673.284-55,+5555919309381,CAMPINHO DIGITAL,PB,Nunes do Sul,Homem Cis,1977-10-05,2026-05-20 03:59:38,LinkedIn
maria julia.costela@yahoo.com.br,maria julia.costela@yahoo.com.br,Maria Julia Costela,284.507.136-17,+5555479830964,CAMPINHO DIGITAL,RR,Moraes,Homem Cis,1977-05-28,2026-07-13 03:59:38,Instagram
isaac.carvalho@terra.com.br,isaac.carvalho@terra.com.br,Isaac Carvalho,670.982.513-21,+5555619487937,CAMPINHO DIGITAL,CE,Cirino do Campo,Mulher Cis,1986-07-25,2026-06-28 03:59:38,Indicación
benicio.pinto@live.com,benicio.pinto@live.com,Benicio Pinto,594.837.016-00,+5555249627255,CAMPINHO DIGITAL,PB,Costela,Mulher Cis,2004-09-11,2026-04-21 03:59:38,Facebook
theo.sousa@bol.com.br,theo.sousa@bol.com.br,Theo Sousa,483.192.670-13,+5555919193769,CAMPINHO DIGITAL,MG,Fogaça,Não Informado,1985-12-31,2026-06-24 03:59:38,LinkedIn
cauã.fogaça@gmail.com,cauã.fogaça@gmail.com,Cauã Fogaça,567.108.249-85,+5555939862581,CAMPINHO DIGITAL,PB,Nunes de Costela,Mulher Cis,2002-08-12,2026-06-10 03:59:38,Google Search
calebe.mendes@uol.com.br,calebe.mendes@uol.com.br,Calebe Mendes,896.327.540-00,+5555459368185,CAMPINHO DIGITAL,GO,Freitas da Mata,Mulher Cis,1978-08-05,2026-05-21 03:59:38,Instagram
maria vitória.da mota@bol.com.br,maria vitória.da mota@bol.com.br,Maria Vitória da Mota,832.061.945-98,+5555119275933,CAMPINHO DIGITAL,MA,Peixoto de da Mota,Homem Cis,1987-02-05,2026-05-11 03:59:38,YouTube
emanuelly.marques@live.com,emanuelly.marques@live.com,Emanuelly Marques,370.982.564-47,+5555669523448,CAMPINHO DIGITAL,RR,Lima do Amparo,Mulher Cis,2006-12-26,2026-06-29 03:59:38,Google Search
elisa.leão@bol.com.br,elisa.leão@bol.com.br,Elisa Leão,047.832.695-56,+5555759668376,CAMPINHO DIGITAL,RR,Ferreira,Homem Cis,1981-04-14,2026-06-15 03:59:38,Google Search
maria helena.da luz@yahoo.com.br,maria helena.da luz@yahoo.com.br,Maria Helena da Luz,978.103.654-01,+5555549808308,CAMPINHO DIGITAL,SE,Camargo Paulista,Mulher Cis,1998-05-04,2026-06-19 03:59:38,LinkedIn
davi luiz.teixeira@uol.com.br,davi luiz.teixeira@uol.com.br,Davi Luiz Teixeira,925.130.876-40,+5555519175489,CAMPINHO DIGITAL,DF,Mendes de Almeida,Mulher Cis,1977-05-05,2026-06-06 03:59:38,Indicación
pedro lucas.da conceição@hotmail.com,pedro lucas.da conceição@hotmail.com,Pedro Lucas da Conceição,439.657.208-56,+5555679320115,CAMPINHO DIGITAL,RS,Siqueira de Barbosa,Mulher Cis,1997-12-13,2026-06-10 03:59:38,YouTube
